OpCqeyco;cIO9iA7L
9ldJY3N8;mKzGjrjn
9K34XowL;GIqSJjDc
t7F1Fd9W;ziqEaWBK
zdUkvYre;86hqZaxD
oVpNHucW;36kpxVj4
yeD7Z57E;WwNo2dQe
wx3nsOVn;avJ4UqsF
bxN5QcH2;hVPjfQkv
pxJS0h7o;OZsmri2z
1vquT11u;tBdG3Qft
jij5SXLo;zVcnP3hH
ESoTOmLs;flzFms7K
QioXoi4z;7hq47u9r
bZFhYbTp;AMQNuZXs
qqygFBQj;bWkyRp2t
vJMPVUIm;RQVPT74o
79xGEYWw;NkIqi7zB
MSzlohC7;Ox6wsSpS
ZwqtMtCl;z6y7nqIL
dsKRZVRI;Its3ysQD
lWFgBH4Z;eBgaDSNS
RwkV37vV;0k5icPin
UqVx0DVN;5VrdKNSt
i4ND4lx4;qHzVVayu
9Zc5rQO2;bI9565YJ
wfkBav2R;rL39AytR
KVm2Uey1;eMkryq2v
LoqMMlpX;snW6vJz2
BQ7uRMCw;Mnp6YFuB
IoXEHJEe;gOaGVr57
giH6zuMW;SpZfnIyn
zEETHhLU;7Y2XcNe6
qksiYKFh;znD1tG7R
JmaqJXYj;CaeGwrqo
hB6qSRTa;fYEgK3mL
bnlyQ6MK;Ir7u9zse
tvDcO6et;b2TaHgds
2Et0ORg6;YEZBCN29
AnNa0EQn;owfjYfxG
dTzRzxfy;ElSs2deH
Hby8pSFZ;Eg15pJpv
lMArqRd2;9GlUWfVb
yFVG5C5d;WWFpH5i7
ZTvvmAyZ;Lk0XtgZB
UUdlTtee;ctzZgg8G
7GUKXNQX;78W7bxcl
KFvb4p88;QDuUqdRc
k0GFlH9h;mvBJAHze
yWx1jj6z;ExfGd2ls
CYxIBOHG;e3df4FSx
exbvnyYK;yRuGUCag
35pdp2IW;MZtw4wwR
SjIeCHgA;GN0PpDDe
RekE9ajZ;sToAzGpa
78M27hP2;GInTxgrr
LY5DINNf;6iMTfg0q
rsLXLQjE;W21U3et9
rAxgShsI;v1CJwtr3
pCkwjzpW;jWeH8KUk
qh21vTet;nmIBDoqM
ss4ctOCt;R2XcDp4j
BeW31HgK;X8s0ZjQ6
2hFe0Xzp;Yeka2gD1
RKw2rSpH;wR51KBrR
KP9dIh9L;x8N9ATKs
iHnjFc1a;OPucjlzw
FwDjKaUB;RQhkTArC
jMCE1nky;3iZaRYyk
uawzmqKb;sL3DJ5KL
0lyoGgJc;KQHz2Hvz
YGgtWC3I;qY3E0Cdq
ybiEJHeb;7aMaIUQp
ktq5Ucn3;Um5z5gL8
xE7RMpXi;GCqZnUIA
i2SmUEs6;H91EbWLQ
PRcWDQdS;8Ye2yhfP
7e0p5Qaz;8AKPk9kv
Ey6LWykF;gua38RZ3
QBtlgDY8;XWTMNqWr
DGK2gh14;N4jLX0Ha
H2yvkti9;dmbmKiWJ
B3b6d8l1;rYVBT89a
h1VieMvS;P8v0Maik
jJ4jSOjq;sAqlfXWD
wdkYpzdb;igtPn2YZ
TO2SwKLs;QPeBWdJM
4zB2NcfJ;zpf0QUNv
iFnQ4usF;VtXhGVtE
cNAggqTJ;o36AEvtW
wCXNsPwE;1TwnrpST
kz02BzKj;572LrHLI
7O8ncF3n;VG4hT4rw
BewUjLBb;4G41uEOV
AAgwAdty;qVPcMKDH
7g8hjKby;Wgnlfeo8
6FswX4EO;qcywWIRk
H4dkQvOi;fgal6P7D
WO5M5Wh4;Di1Py3aA
HUMhjdW2;ZciLcj0D
H0MBQQp9;nkQDuK0j
tBWYzavi;X2CfUa5g
4n2Jk4y1;TJlfUkyH
GhUu2U5Z;S2T45lyH
XnyJ8N5I;qNOYBFrG
ITiHDmWq;C44dCmUC
WFuud0aV;kxjuZRyL
kiRHHjto;wL0mbAcM
ms6sJi1s;wSstfvA1
1w1HUkYX;zk4wGMX6
IIkpX5Bz;7hNZ8RLx
9walyFTn;MN0PsMKk
fieMiVPG;sWSlw4TG
7zW1MHnM;mAn5XKXJ
2KWZsqY6;Hhno67dH
wz869GA4;xliJRamH
8x7IJqBd;6AddqQNH
zReHan9p;2g3SkOrX
qgw8eXqc;fwtv58KE
UIVKtmhj;75HQF4yh
8n5veRr8;BbxAB976
Zhq1JzOP;4Lnglg7t
AZtcv7KR;nbYN47kx
